1,762-15-4780,Kanya,Stiffkins,kstiffkins0@cbsnews.com,11741 Londonderry Drive
2,726-14-3981,Jessika,Linzee,jlinzee1@woothemes.com,97 Eastwood Street
3,641-73-9077,Garth,Spurgeon,gspurgeon2@craigslist.org,93929 Oakridge Street
4,532-88-3587,Currey,Ambresin,cambresin3@goo.gl,5 Northridge Junction
5,262-21-6473,Tamera,Havesides,thavesides4@theatlantic.com,8 Longview Hill
6,359-98-8576,Zacharia,Excell,zexcell5@barnesandnoble.com,30 Ridgeway Junction
7,721-13-7406,Mitchel,McIlreavy,mmcilreavy6@prnewswire.com,5246 Macpherson Center
8,304-74-9621,Petronilla,Moland,pmoland7@gov.uk,50828 Bashford Pass
9,554-05-3189,Jenica,Geffinger,jgeffinger8@cnet.com,65 Vernon Parkway
10,708-01-0303,Meridel,Karppi,mkarppi9@163.com,1993 Fisk Plaza
11,482-68-1549,Amitie,Dorgon,adorgona@webmd.com,479 Caliangt Junction
12,459-09-7168,Debora,Ollcott,dollcottb@boston.com,655 Del Sol Trail
13,865-03-6584,Meredithe,Rocks,mrocksc@hud.gov,4250 Northridge Park
14,274-08-7383,Denney,Aguilar,daguilard@so-net.ne.jp,77239 Mcguire Way
15,433-93-3711,Virgilio,Wyburn,vwyburne@1688.com,0 Red Cloud Street
16,454-32-9530,Raye,Gantzman,rgantzmanf@goodreads.com,3 Clarendon Point
17,790-18-3457,Babbie,Harvett,bharvettg@hp.com,43 Reinke Circle
18,599-55-5761,Elana,Iacovelli,eiacovellih@mashable.com,8 Luster Way
19,482-95-6852,Dell,Hookes,dhookesi@cocolog-nifty.com,4716 Everett Pass
20,672-07-6596,Gilburt,Sillwood,gsillwoodj@epa.gov,24 Macpherson Way
21,276-63-6991,Hendrika,Fortey,hforteyk@prnewswire.com,2 Onsgard Junction
22,331-04-4840,Shaun,Macconaghy,smacconaghyl@arstechnica.com,102 American Ash Crossing
23,349-18-7329,Kikelia,Iggulden,kigguldenm@nsw.gov.au,8 Bultman Alley
24,158-68-5367,Chickie,Perrins,cperrinsn@shinystat.com,24 Hazelcrest Lane
25,701-59-0502,Garv,Davys,gdavyso@amazon.co.uk,4 7th Street
26,781-62-5542,Salomo,Godbolt,sgodboltp@elegantthemes.com,19099 Valley Edge Terrace
27,426-07-0801,Waylon,Balasin,wbalasinq@wikimedia.org,0006 Pawling Point
28,578-53-9417,Dorian,Wakeham,dwakehamr@theguardian.com,7011 Lakewood Gardens Street
29,711-68-2802,Jimmy,Bowne,jbownes@exblog.jp,8769 Gerald Plaza
30,661-33-9949,Eamon,Gaudon,egaudont@shinystat.com,150 Main Alley
31,808-36-1844,Isidor,Greated,igreatedu@aboutads.info,13887 Lotheville Terrace
32,219-17-7846,Justina,Gromley,jgromleyv@amazon.co.uk,80 Alpine Road
33,825-93-8616,Mona,Skipworth,mskipworthw@google.ru,8794 8th Street
34,232-74-9410,Koo,Thackeray,kthackerayx@blogs.com,141 Corscot Place
35,240-55-0999,Vilma,De Normanville,vdenormanvilley@techcrunch.com,2 Kenwood Road
36,850-57-2337,Ami,Francke,afranckez@flickr.com,0 Karstens Pass
37,510-56-4131,Brit,Parzizek,bparzizek10@cbslocal.com,792 7th Way
38,211-18-0440,Rossie,Blue,rblue11@nps.gov,95 Vera Hill
39,209-56-2399,Ginevra,Parrington,gparrington12@google.fr,562 Garrison Hill
40,268-09-2235,Bea,Thurlow,bthurlow13@bizjournals.com,71271 Glendale Plaza
41,318-50-1628,Benoit,Doerr,bdoerr14@google.co.uk,84110 Moulton Court
42,743-14-4167,Arturo,Pleven,apleven15@narod.ru,746 Columbus Way
43,710-31-3763,Athena,Tabb,atabb16@ow.ly,462 Hoffman Way
44,106-71-0778,Nicolea,Valentetti,nvalentetti17@nih.gov,38 Old Shore Avenue
45,747-73-7814,Phyllys,Von Brook,pvonbrook18@alibaba.com,63 Emmet Lane
46,242-76-6260,Percival,Chatin,pchatin19@blog.com,3 Browning Parkway
47,698-40-4724,Ki,Gobel,kgobel1a@yellowpages.com,59 Coolidge Plaza
48,246-58-4969,Jeanine,Duggon,jduggon1b@ucoz.com,229 Mallard Drive
49,155-33-9459,Tobe,Sutehall,tsutehall1c@columbia.edu,49 Mitchell Parkway
50,388-55-2754,Forrest,MacGillivray,fmacgillivray1d@goo.gl,913 La Follette Lane
51,679-86-9954,Marrilee,Fancott,mfancott1e@patch.com,44 Surrey Plaza
52,873-15-2016,Lian,Haughin,lhaughin1f@over-blog.com,445 North Street
53,116-62-7939,Sully,Breeds,sbreeds1g@cargocollective.com,6347 Southridge Park
54,364-88-4898,Kevon,Lapley,klapley1h@tmall.com,3 Lighthouse Bay Plaza
55,891-13-6085,Dulce,Gawen,dgawen1i@spiegel.de,7 Autumn Leaf Crossing
56,896-56-7153,Karly,Kitchingman,kkitchingman1j@cornell.edu,29570 Dexter Place
57,491-82-7038,Godard,Massie,gmassie1k@netlog.com,9023 Lien Court
58,510-82-1573,Christean,Colquhoun,ccolquhoun1l@1und1.de,39836 Mcguire Trail
59,411-19-4274,Fianna,Croshaw,fcroshaw1m@engadget.com,06 Park Meadow Hill
60,287-13-7915,Eziechiele,Hirschmann,ehirschmann1n@edublogs.org,27130 Norway Maple Hill
61,227-69-7065,Linell,Janda,ljanda1o@e-recht24.de,194 Almo Street
62,210-29-4544,Joel,Studdard,jstuddard1p@ehow.com,2533 Meadow Vale Place
63,289-31-0652,Rafaellle,Whittingham,rwhittingham1q@wp.com,89 Fair Oaks Crossing
64,155-22-1375,Millisent,Beade,mbeade1r@unc.edu,1157 Rowland Circle
65,709-41-8244,Hugh,Whitten,hwhitten1s@freewebs.com,0294 Little Fleur Lane
66,357-60-6674,Donny,Jaquemar,djaquemar1t@blogtalkradio.com,91 Northridge Trail
67,855-30-9878,Di,Manilo,dmanilo1u@hatena.ne.jp,7187 Doe Crossing Hill
68,583-85-9145,Way,Varrow,wvarrow1v@163.com,772 Farwell Avenue
69,395-83-6924,Gussy,Dunbobin,gdunbobin1w@bbb.org,5347 Talisman Alley
70,118-55-2142,Nathanil,Mote,nmote1x@over-blog.com,65304 Transport Parkway
71,456-99-2473,Veronique,Jacklings,vjacklings1y@de.vu,526 Caliangt Circle
72,241-12-7514,Araldo,Tewnion,atewnion1z@imdb.com,0 Prentice Terrace
73,408-74-5217,Danny,Hulle,dhulle20@ask.com,64 Carpenter Circle
74,645-51-0905,Horten,Skepper,hskepper21@fastcompany.com,56011 Kedzie Hill
75,452-33-1785,Toddie,Alexsandrovich,talexsandrovich22@ifeng.com,7 Summit Alley
76,460-13-7894,Gael,Beville,gbeville23@noaa.gov,4 Fallview Plaza
77,353-50-7752,Shalna,Woolforde,swoolforde24@china.com.cn,70244 Heath Road
78,604-49-9117,Clem,Attreed,cattreed25@toplist.cz,0 Hagan Street
79,858-72-0573,Borden,Milward,bmilward26@forbes.com,5 Pearson Center
80,642-84-1895,Cecilia,Schiersch,cschiersch27@howstuffworks.com,62 Mariners Cove Center
81,457-10-0163,Ellette,Alexsandrovich,ealexsandrovich28@independent.co.uk,757 Grasskamp Place
82,200-55-2806,Karla,Bohlin,kbohlin29@privacy.gov.au,2885 Eggendart Trail
83,377-43-0942,Meridel,Gantzer,mgantzer2a@so-net.ne.jp,24297 Merchant Alley
84,269-73-7770,Mata,MacAdie,mmacadie2b@microsoft.com,6 Sugar Avenue
85,408-81-4778,Antonina,Jubb,ajubb2c@hugedomains.com,907 Corscot Terrace
86,758-38-7827,Jen,Gadaud,jgadaud2d@sogou.com,6 Vahlen Circle
87,271-01-7788,Demott,Pattemore,dpattemore2e@cdbaby.com,92 Michigan Pass
88,141-65-7939,Bevvy,Clutheram,bclutheram2f@cnn.com,82038 Rutledge Road
89,413-76-6013,Cole,Kissock,ckissock2g@taobao.com,2101 Schlimgen Center
90,765-82-3897,Miles,Harsent,mharsent2h@princeton.edu,2 Heffernan Pass
91,513-69-5527,Mellisent,Harroll,mharroll2i@dropbox.com,32 Starling Terrace
92,745-69-2369,Nikaniki,Matiashvili,nmatiashvili2j@google.it,81516 Goodland Avenue
93,695-53-2692,Gene,Stubbe,gstubbe2k@independent.co.uk,222 Village Green Avenue
94,297-49-5697,Opaline,Gatheral,ogatheral2l@squarespace.com,46 Warner Way
95,672-31-3512,Andree,Venditto,avenditto2m@goo.gl,2185 Westerfield Point
96,652-90-8637,Estrellita,Iliff,eiliff2n@networksolutions.com,599 Anhalt Avenue
97,617-43-2629,Enoch,Opfer,eopfer2o@yahoo.com,5 Logan Junction
98,225-01-8770,Mariana,Dearsley,mdearsley2p@reddit.com,238 Sachtjen Circle
99,252-03-0069,Griffie,Franke,gfranke2q@mit.edu,67852 Delaware Hill
100,660-37-8815,Alexine,Pawlett,apawlett2r@vk.com,7 Dorton Pass
101,762-15-4780,Kanya,Stiffkins,kstiffkins0@cbsnews.com,11741 Londonderry Drive